-- phpMyAdmin SQL Dump
-- version 5.2.1
-- https://www.phpmyadmin.net/
--
-- Host: localhost:8889
-- Generation Time: Mar 13, 2026 at 08:20 PM
-- Server version: 8.0.40
-- PHP Version: 8.3.14

SET SQL_MODE = "NO_AUTO_VALUE_ON_ZERO";
START TRANSACTION;
SET time_zone = "+00:00";


/*!40101 SET @OLD_CHARACTER_SET_CLIENT=@@CHARACTER_SET_CLIENT */;
/*!40101 SET @OLD_CHARACTER_SET_RESULTS=@@CHARACTER_SET_RESULTS */;
/*!40101 SET @OLD_COLLATION_CONNECTION=@@COLLATION_CONNECTION */;
/*!40101 SET NAMES utf8mb4 */;

--
-- Database: `school_administration`
--
CREATE DATABASE IF NOT EXISTS `school_administration` DEFAULT CHARACTER SET utf8mb4 COLLATE utf8mb4_0900_ai_ci;
USE `school_administration`;

-- --------------------------------------------------------

--
-- Table structure for table `classes`
--

CREATE TABLE `classes` (
  `id` bigint UNSIGNED NOT NULL,
  `name` varchar(45) NOT NULL,
  `room_id` bigint UNSIGNED NOT NULL,
  `teacher_id` bigint UNSIGNED NOT NULL,
  `registered_at` timestamp NULL DEFAULT CURRENT_TIMESTAMP,
  `updated_at` timestamp NULL DEFAULT CURRENT_TIMESTAMP ON UPDATE CURRENT_TIMESTAMP
) ENGINE=InnoDB DEFAULT CHARSET=utf8mb4 COLLATE=utf8mb4_0900_ai_ci;

--
-- Dumping data for table `classes`
--

INSERT INTO `classes` (`id`, `name`, `room_id`, `teacher_id`, `registered_at`, `updated_at`) VALUES
(1, 'Class 1', 1, 1, '2026-03-13 20:17:24', '2026-03-13 20:17:24'),
(2, 'Class 2', 2, 2, '2026-03-13 20:17:24', '2026-03-13 20:17:24'),
(3, 'Class 3', 3, 3, '2026-03-13 20:17:24', '2026-03-13 20:17:24'),
(4, 'Class 4', 4, 4, '2026-03-13 20:17:24', '2026-03-13 20:17:24'),
(5, 'Class 5', 5, 5, '2026-03-13 20:17:24', '2026-03-13 20:17:24'),
(6, 'Class 6', 6, 6, '2026-03-13 20:17:24', '2026-03-13 20:17:24'),
(7, 'Class 7', 7, 7, '2026-03-13 20:17:24', '2026-03-13 20:17:24'),
(8, 'Class 8', 8, 8, '2026-03-13 20:17:24', '2026-03-13 20:17:24'),
(9, 'Class 9', 9, 9, '2026-03-13 20:17:24', '2026-03-13 20:17:24'),
(10, 'Class 10', 10, 10, '2026-03-13 20:17:24', '2026-03-13 20:17:24'),
(11, 'Class 11', 11, 11, '2026-03-13 20:17:24', '2026-03-13 20:17:24'),
(12, 'Class 12', 12, 12, '2026-03-13 20:17:24', '2026-03-13 20:17:24'),
(13, 'Class 13', 13, 13, '2026-03-13 20:17:24', '2026-03-13 20:17:24'),
(14, 'Class 14', 14, 14, '2026-03-13 20:17:24', '2026-03-13 20:17:24'),
(15, 'Class 15', 15, 15, '2026-03-13 20:17:24', '2026-03-13 20:17:24'),
(16, 'Class 16', 16, 16, '2026-03-13 20:17:24', '2026-03-13 20:17:24'),
(17, 'Class 17', 17, 17, '2026-03-13 20:17:24', '2026-03-13 20:17:24'),
(18, 'Class 18', 18, 18, '2026-03-13 20:17:24', '2026-03-13 20:17:24'),
(19, 'Class 19', 19, 19, '2026-03-13 20:17:24', '2026-03-13 20:17:24'),
(20, 'Class 20', 20, 20, '2026-03-13 20:17:24', '2026-03-13 20:17:24'),
(21, 'Class 21', 21, 21, '2026-03-13 20:17:24', '2026-03-13 20:17:24'),
(22, 'Class 22', 22, 22, '2026-03-13 20:17:24', '2026-03-13 20:17:24'),
(23, 'Class 23', 23, 23, '2026-03-13 20:17:24', '2026-03-13 20:17:24'),
(24, 'Class 24', 24, 24, '2026-03-13 20:17:24', '2026-03-13 20:17:24'),
(25, 'Class 25', 25, 25, '2026-03-13 20:17:24', '2026-03-13 20:17:24'),
(26, 'Class 26', 26, 26, '2026-03-13 20:17:24', '2026-03-13 20:17:24'),
(27, 'Class 27', 27, 27, '2026-03-13 20:17:24', '2026-03-13 20:17:24'),
(28, 'Class 28', 28, 28, '2026-03-13 20:17:24', '2026-03-13 20:17:24'),
(29, 'Class 29', 29, 29, '2026-03-13 20:17:24', '2026-03-13 20:17:24'),
(30, 'Class 30', 30, 30, '2026-03-13 20:17:24', '2026-03-13 20:17:24'),
(31, 'Class 31', 31, 31, '2026-03-13 20:17:24', '2026-03-13 20:17:24'),
(32, 'Class 32', 32, 32, '2026-03-13 20:17:24', '2026-03-13 20:17:24'),
(33, 'Class 33', 33, 33, '2026-03-13 20:17:24', '2026-03-13 20:17:24'),
(34, 'Class 34', 34, 34, '2026-03-13 20:17:24', '2026-03-13 20:17:24'),
(35, 'Class 35', 35, 35, '2026-03-13 20:17:24', '2026-03-13 20:17:24'),
(36, 'Class 36', 36, 36, '2026-03-13 20:17:24', '2026-03-13 20:17:24'),
(37, 'Class 37', 37, 37, '2026-03-13 20:17:24', '2026-03-13 20:17:24'),
(38, 'Class 38', 38, 38, '2026-03-13 20:17:24', '2026-03-13 20:17:24'),
(39, 'Class 39', 39, 39, '2026-03-13 20:17:24', '2026-03-13 20:17:24'),
(40, 'Class 40', 40, 40, '2026-03-13 20:17:24', '2026-03-13 20:17:24'),
(41, 'Class 41', 41, 41, '2026-03-13 20:17:24', '2026-03-13 20:17:24'),
(42, 'Class 42', 42, 42, '2026-03-13 20:17:24', '2026-03-13 20:17:24'),
(43, 'Class 43', 43, 43, '2026-03-13 20:17:24', '2026-03-13 20:17:24'),
(44, 'Class 44', 44, 44, '2026-03-13 20:17:24', '2026-03-13 20:17:24'),
(45, 'Class 45', 45, 45, '2026-03-13 20:17:24', '2026-03-13 20:17:24'),
(46, 'Class 46', 46, 46, '2026-03-13 20:17:24', '2026-03-13 20:17:24'),
(47, 'Class 47', 47, 47, '2026-03-13 20:17:24', '2026-03-13 20:17:24'),
(48, 'Class 48', 48, 48, '2026-03-13 20:17:24', '2026-03-13 20:17:24'),
(49, 'Class 49', 49, 49, '2026-03-13 20:17:24', '2026-03-13 20:17:24'),
(50, 'Class 50', 50, 50, '2026-03-13 20:17:24', '2026-03-13 20:17:24'),
(51, 'Class 51', 51, 51, '2026-03-13 20:17:24', '2026-03-13 20:17:24'),
(52, 'Class 52', 52, 52, '2026-03-13 20:17:24', '2026-03-13 20:17:24'),
(53, 'Class 53', 53, 53, '2026-03-13 20:17:24', '2026-03-13 20:17:24'),
(54, 'Class 54', 54, 54, '2026-03-13 20:17:24', '2026-03-13 20:17:24'),
(55, 'Class 55', 55, 55, '2026-03-13 20:17:24', '2026-03-13 20:17:24'),
(56, 'Class 56', 56, 56, '2026-03-13 20:17:24', '2026-03-13 20:17:24'),
(57, 'Class 57', 57, 57, '2026-03-13 20:17:24', '2026-03-13 20:17:24'),
(58, 'Class 58', 58, 58, '2026-03-13 20:17:24', '2026-03-13 20:17:24'),
(59, 'Class 59', 59, 59, '2026-03-13 20:17:24', '2026-03-13 20:17:24'),
(60, 'Class 60', 60, 60, '2026-03-13 20:17:24', '2026-03-13 20:17:24'),
(61, 'Class 61', 61, 61, '2026-03-13 20:17:24', '2026-03-13 20:17:24'),
(62, 'Class 62', 62, 62, '2026-03-13 20:17:24', '2026-03-13 20:17:24'),
(63, 'Class 63', 63, 63, '2026-03-13 20:17:24', '2026-03-13 20:17:24'),
(64, 'Class 64', 64, 64, '2026-03-13 20:17:24', '2026-03-13 20:17:24'),
(65, 'Class 65', 65, 65, '2026-03-13 20:17:24', '2026-03-13 20:17:24'),
(66, 'Class 66', 66, 66, '2026-03-13 20:17:24', '2026-03-13 20:17:24'),
(67, 'Class 67', 67, 67, '2026-03-13 20:17:24', '2026-03-13 20:17:24'),
(68, 'Class 68', 68, 68, '2026-03-13 20:17:24', '2026-03-13 20:17:24'),
(69, 'Class 69', 69, 69, '2026-03-13 20:17:24', '2026-03-13 20:17:24'),
(70, 'Class 70', 70, 70, '2026-03-13 20:17:24', '2026-03-13 20:17:24'),
(71, 'Class 71', 71, 71, '2026-03-13 20:17:24', '2026-03-13 20:17:24'),
(72, 'Class 72', 72, 72, '2026-03-13 20:17:24', '2026-03-13 20:17:24'),
(73, 'Class 73', 73, 73, '2026-03-13 20:17:24', '2026-03-13 20:17:24'),
(74, 'Class 74', 74, 74, '2026-03-13 20:17:24', '2026-03-13 20:17:24'),
(75, 'Class 75', 75, 75, '2026-03-13 20:17:24', '2026-03-13 20:17:24'),
(76, 'Class 76', 76, 76, '2026-03-13 20:17:24', '2026-03-13 20:17:24'),
(77, 'Class 77', 77, 77, '2026-03-13 20:17:24', '2026-03-13 20:17:24'),
(78, 'Class 78', 78, 78, '2026-03-13 20:17:24', '2026-03-13 20:17:24'),
(79, 'Class 79', 79, 79, '2026-03-13 20:17:24', '2026-03-13 20:17:24'),
(80, 'Class 80', 80, 80, '2026-03-13 20:17:24', '2026-03-13 20:17:24'),
(81, 'Class 81', 81, 81, '2026-03-13 20:17:24', '2026-03-13 20:17:24'),
(82, 'Class 82', 82, 82, '2026-03-13 20:17:24', '2026-03-13 20:17:24'),
(83, 'Class 83', 83, 83, '2026-03-13 20:17:24', '2026-03-13 20:17:24'),
(84, 'Class 84', 84, 84, '2026-03-13 20:17:24', '2026-03-13 20:17:24'),
(85, 'Class 85', 85, 85, '2026-03-13 20:17:24', '2026-03-13 20:17:24'),
(86, 'Class 86', 86, 86, '2026-03-13 20:17:24', '2026-03-13 20:17:24'),
(87, 'Class 87', 87, 87, '2026-03-13 20:17:24', '2026-03-13 20:17:24'),
(88, 'Class 88', 88, 88, '2026-03-13 20:17:24', '2026-03-13 20:17:24'),
(89, 'Class 89', 89, 89, '2026-03-13 20:17:24', '2026-03-13 20:17:24'),
(90, 'Class 90', 90, 90, '2026-03-13 20:17:24', '2026-03-13 20:17:24'),
(91, 'Class 91', 91, 91, '2026-03-13 20:17:24', '2026-03-13 20:17:24'),
(92, 'Class 92', 92, 92, '2026-03-13 20:17:24', '2026-03-13 20:17:24'),
(93, 'Class 93', 93, 93, '2026-03-13 20:17:24', '2026-03-13 20:17:24'),
(94, 'Class 94', 94, 94, '2026-03-13 20:17:24', '2026-03-13 20:17:24'),
(95, 'Class 95', 95, 95, '2026-03-13 20:17:24', '2026-03-13 20:17:24'),
(96, 'Class 96', 96, 96, '2026-03-13 20:17:24', '2026-03-13 20:17:24'),
(97, 'Class 97', 97, 97, '2026-03-13 20:17:24', '2026-03-13 20:17:24'),
(98, 'Class 98', 98, 98, '2026-03-13 20:17:24', '2026-03-13 20:17:24'),
(99, 'Class 99', 99, 99, '2026-03-13 20:17:24', '2026-03-13 20:17:24'),
(100, 'Class 100', 100, 100, '2026-03-13 20:17:24', '2026-03-13 20:17:24');

-- --------------------------------------------------------

--
-- Table structure for table `rooms`
--

CREATE TABLE `rooms` (
  `id` bigint UNSIGNED NOT NULL,
  `name` varchar(45) NOT NULL,
  `registered_at` timestamp NULL DEFAULT CURRENT_TIMESTAMP,
  `updated_at` timestamp NULL DEFAULT CURRENT_TIMESTAMP ON UPDATE CURRENT_TIMESTAMP
) ENGINE=InnoDB DEFAULT CHARSET=utf8mb4 COLLATE=utf8mb4_0900_ai_ci;

--
-- Dumping data for table `rooms`
--

INSERT INTO `rooms` (`id`, `name`, `registered_at`, `updated_at`) VALUES
(1, 'Room 1', '2026-03-13 20:16:59', '2026-03-13 20:16:59'),
(2, 'Room 2', '2026-03-13 20:16:59', '2026-03-13 20:16:59'),
(3, 'Room 3', '2026-03-13 20:16:59', '2026-03-13 20:16:59'),
(4, 'Room 4', '2026-03-13 20:16:59', '2026-03-13 20:16:59'),
(5, 'Room 5', '2026-03-13 20:16:59', '2026-03-13 20:16:59'),
(6, 'Room 6', '2026-03-13 20:16:59', '2026-03-13 20:16:59'),
(7, 'Room 7', '2026-03-13 20:16:59', '2026-03-13 20:16:59'),
(8, 'Room 8', '2026-03-13 20:16:59', '2026-03-13 20:16:59'),
(9, 'Room 9', '2026-03-13 20:16:59', '2026-03-13 20:16:59'),
(10, 'Room 10', '2026-03-13 20:16:59', '2026-03-13 20:16:59'),
(11, 'Room 11', '2026-03-13 20:16:59', '2026-03-13 20:16:59'),
(12, 'Room 12', '2026-03-13 20:16:59', '2026-03-13 20:16:59'),
(13, 'Room 13', '2026-03-13 20:16:59', '2026-03-13 20:16:59'),
(14, 'Room 14', '2026-03-13 20:16:59', '2026-03-13 20:16:59'),
(15, 'Room 15', '2026-03-13 20:16:59', '2026-03-13 20:16:59'),
(16, 'Room 16', '2026-03-13 20:16:59', '2026-03-13 20:16:59'),
(17, 'Room 17', '2026-03-13 20:16:59', '2026-03-13 20:16:59'),
(18, 'Room 18', '2026-03-13 20:16:59', '2026-03-13 20:16:59'),
(19, 'Room 19', '2026-03-13 20:16:59', '2026-03-13 20:16:59'),
(20, 'Room 20', '2026-03-13 20:16:59', '2026-03-13 20:16:59'),
(21, 'Room 21', '2026-03-13 20:16:59', '2026-03-13 20:16:59'),
(22, 'Room 22', '2026-03-13 20:16:59', '2026-03-13 20:16:59'),
(23, 'Room 23', '2026-03-13 20:16:59', '2026-03-13 20:16:59'),
(24, 'Room 24', '2026-03-13 20:16:59', '2026-03-13 20:16:59'),
(25, 'Room 25', '2026-03-13 20:16:59', '2026-03-13 20:16:59'),
(26, 'Room 26', '2026-03-13 20:16:59', '2026-03-13 20:16:59'),
(27, 'Room 27', '2026-03-13 20:16:59', '2026-03-13 20:16:59'),
(28, 'Room 28', '2026-03-13 20:16:59', '2026-03-13 20:16:59'),
(29, 'Room 29', '2026-03-13 20:16:59', '2026-03-13 20:16:59'),
(30, 'Room 30', '2026-03-13 20:16:59', '2026-03-13 20:16:59'),
(31, 'Room 31', '2026-03-13 20:16:59', '2026-03-13 20:16:59'),
(32, 'Room 32', '2026-03-13 20:16:59', '2026-03-13 20:16:59'),
(33, 'Room 33', '2026-03-13 20:16:59', '2026-03-13 20:16:59'),
(34, 'Room 34', '2026-03-13 20:16:59', '2026-03-13 20:16:59'),
(35, 'Room 35', '2026-03-13 20:16:59', '2026-03-13 20:16:59'),
(36, 'Room 36', '2026-03-13 20:16:59', '2026-03-13 20:16:59'),
(37, 'Room 37', '2026-03-13 20:16:59', '2026-03-13 20:16:59'),
(38, 'Room 38', '2026-03-13 20:16:59', '2026-03-13 20:16:59'),
(39, 'Room 39', '2026-03-13 20:16:59', '2026-03-13 20:16:59'),
(40, 'Room 40', '2026-03-13 20:16:59', '2026-03-13 20:16:59'),
(41, 'Room 41', '2026-03-13 20:16:59', '2026-03-13 20:16:59'),
(42, 'Room 42', '2026-03-13 20:16:59', '2026-03-13 20:16:59'),
(43, 'Room 43', '2026-03-13 20:16:59', '2026-03-13 20:16:59'),
(44, 'Room 44', '2026-03-13 20:16:59', '2026-03-13 20:16:59'),
(45, 'Room 45', '2026-03-13 20:16:59', '2026-03-13 20:16:59'),
(46, 'Room 46', '2026-03-13 20:16:59', '2026-03-13 20:16:59'),
(47, 'Room 47', '2026-03-13 20:16:59', '2026-03-13 20:16:59'),
(48, 'Room 48', '2026-03-13 20:16:59', '2026-03-13 20:16:59'),
(49, 'Room 49', '2026-03-13 20:16:59', '2026-03-13 20:16:59'),
(50, 'Room 50', '2026-03-13 20:16:59', '2026-03-13 20:16:59'),
(51, 'Room 51', '2026-03-13 20:16:59', '2026-03-13 20:16:59'),
(52, 'Room 52', '2026-03-13 20:16:59', '2026-03-13 20:16:59'),
(53, 'Room 53', '2026-03-13 20:16:59', '2026-03-13 20:16:59'),
(54, 'Room 54', '2026-03-13 20:16:59', '2026-03-13 20:16:59'),
(55, 'Room 55', '2026-03-13 20:16:59', '2026-03-13 20:16:59'),
(56, 'Room 56', '2026-03-13 20:16:59', '2026-03-13 20:16:59'),
(57, 'Room 57', '2026-03-13 20:16:59', '2026-03-13 20:16:59'),
(58, 'Room 58', '2026-03-13 20:16:59', '2026-03-13 20:16:59'),
(59, 'Room 59', '2026-03-13 20:16:59', '2026-03-13 20:16:59'),
(60, 'Room 60', '2026-03-13 20:16:59', '2026-03-13 20:16:59'),
(61, 'Room 61', '2026-03-13 20:16:59', '2026-03-13 20:16:59'),
(62, 'Room 62', '2026-03-13 20:16:59', '2026-03-13 20:16:59'),
(63, 'Room 63', '2026-03-13 20:16:59', '2026-03-13 20:16:59'),
(64, 'Room 64', '2026-03-13 20:16:59', '2026-03-13 20:16:59'),
(65, 'Room 65', '2026-03-13 20:16:59', '2026-03-13 20:16:59'),
(66, 'Room 66', '2026-03-13 20:16:59', '2026-03-13 20:16:59'),
(67, 'Room 67', '2026-03-13 20:16:59', '2026-03-13 20:16:59'),
(68, 'Room 68', '2026-03-13 20:16:59', '2026-03-13 20:16:59'),
(69, 'Room 69', '2026-03-13 20:16:59', '2026-03-13 20:16:59'),
(70, 'Room 70', '2026-03-13 20:16:59', '2026-03-13 20:16:59'),
(71, 'Room 71', '2026-03-13 20:16:59', '2026-03-13 20:16:59'),
(72, 'Room 72', '2026-03-13 20:16:59', '2026-03-13 20:16:59'),
(73, 'Room 73', '2026-03-13 20:16:59', '2026-03-13 20:16:59'),
(74, 'Room 74', '2026-03-13 20:16:59', '2026-03-13 20:16:59'),
(75, 'Room 75', '2026-03-13 20:16:59', '2026-03-13 20:16:59'),
(76, 'Room 76', '2026-03-13 20:16:59', '2026-03-13 20:16:59'),
(77, 'Room 77', '2026-03-13 20:16:59', '2026-03-13 20:16:59'),
(78, 'Room 78', '2026-03-13 20:16:59', '2026-03-13 20:16:59'),
(79, 'Room 79', '2026-03-13 20:16:59', '2026-03-13 20:16:59'),
(80, 'Room 80', '2026-03-13 20:16:59', '2026-03-13 20:16:59'),
(81, 'Room 81', '2026-03-13 20:16:59', '2026-03-13 20:16:59'),
(82, 'Room 82', '2026-03-13 20:16:59', '2026-03-13 20:16:59'),
(83, 'Room 83', '2026-03-13 20:16:59', '2026-03-13 20:16:59'),
(84, 'Room 84', '2026-03-13 20:16:59', '2026-03-13 20:16:59'),
(85, 'Room 85', '2026-03-13 20:16:59', '2026-03-13 20:16:59'),
(86, 'Room 86', '2026-03-13 20:16:59', '2026-03-13 20:16:59'),
(87, 'Room 87', '2026-03-13 20:16:59', '2026-03-13 20:16:59'),
(88, 'Room 88', '2026-03-13 20:16:59', '2026-03-13 20:16:59'),
(89, 'Room 89', '2026-03-13 20:16:59', '2026-03-13 20:16:59'),
(90, 'Room 90', '2026-03-13 20:16:59', '2026-03-13 20:16:59'),
(91, 'Room 91', '2026-03-13 20:16:59', '2026-03-13 20:16:59'),
(92, 'Room 92', '2026-03-13 20:16:59', '2026-03-13 20:16:59'),
(93, 'Room 93', '2026-03-13 20:16:59', '2026-03-13 20:16:59'),
(94, 'Room 94', '2026-03-13 20:16:59', '2026-03-13 20:16:59'),
(95, 'Room 95', '2026-03-13 20:16:59', '2026-03-13 20:16:59'),
(96, 'Room 96', '2026-03-13 20:16:59', '2026-03-13 20:16:59'),
(97, 'Room 97', '2026-03-13 20:16:59', '2026-03-13 20:16:59'),
(98, 'Room 98', '2026-03-13 20:16:59', '2026-03-13 20:16:59'),
(99, 'Room 99', '2026-03-13 20:16:59', '2026-03-13 20:16:59'),
(100, 'Room 100', '2026-03-13 20:16:59', '2026-03-13 20:16:59');

-- --------------------------------------------------------

--
-- Table structure for table `students`
--

CREATE TABLE `students` (
  `id` bigint UNSIGNED NOT NULL,
  `first_name` varchar(45) NOT NULL,
  `last_name` varchar(45) NOT NULL,
  `birthday` date NOT NULL,
  `class_id` bigint UNSIGNED NOT NULL,
  `registered_at` timestamp NULL DEFAULT CURRENT_TIMESTAMP,
  `updated_at` timestamp NULL DEFAULT CURRENT_TIMESTAMP ON UPDATE CURRENT_TIMESTAMP
) ENGINE=InnoDB DEFAULT CHARSET=utf8mb4 COLLATE=utf8mb4_0900_ai_ci;

--
-- Dumping data for table `students`
--

INSERT INTO `students` (`id`, `first_name`, `last_name`, `birthday`, `class_id`, `registered_at`, `updated_at`) VALUES
(1, 'Student1', 'Rossi', '2008-01-01', 1, '2026-03-13 20:19:06', '2026-03-13 20:19:06'),
(2, 'Student2', 'Ferrari', '2008-01-02', 2, '2026-03-13 20:19:06', '2026-03-13 20:19:06'),
(3, 'Student3', 'Russo', '2008-01-03', 3, '2026-03-13 20:19:06', '2026-03-13 20:19:06'),
(4, 'Student4', 'Bianchi', '2008-01-04', 4, '2026-03-13 20:19:06', '2026-03-13 20:19:06'),
(5, 'Student5', 'Romano', '2008-01-05', 5, '2026-03-13 20:19:06', '2026-03-13 20:19:06'),
(6, 'Student6', 'Colombo', '2008-01-06', 6, '2026-03-13 20:19:06', '2026-03-13 20:19:06'),
(7, 'Student7', 'Ricci', '2008-01-07', 7, '2026-03-13 20:19:06', '2026-03-13 20:19:06'),
(8, 'Student8', 'Marino', '2008-01-08', 8, '2026-03-13 20:19:06', '2026-03-13 20:19:06'),
(9, 'Student9', 'Greco', '2008-01-09', 9, '2026-03-13 20:19:06', '2026-03-13 20:19:06'),
(10, 'Student10', 'Bruno', '2008-01-10', 10, '2026-03-13 20:19:06', '2026-03-13 20:19:06'),
(11, 'Student11', 'Gallo', '2008-01-11', 11, '2026-03-13 20:19:06', '2026-03-13 20:19:06'),
(12, 'Student12', 'Conti', '2008-01-12', 12, '2026-03-13 20:19:06', '2026-03-13 20:19:06'),
(13, 'Student13', 'DeLuca', '2008-01-13', 13, '2026-03-13 20:19:06', '2026-03-13 20:19:06'),
(14, 'Student14', 'Costa', '2008-01-14', 14, '2026-03-13 20:19:06', '2026-03-13 20:19:06'),
(15, 'Student15', 'Giordano', '2008-01-15', 15, '2026-03-13 20:19:06', '2026-03-13 20:19:06'),
(16, 'Student16', 'Mancini', '2008-01-16', 16, '2026-03-13 20:19:06', '2026-03-13 20:19:06'),
(17, 'Student17', 'Rizzo', '2008-01-17', 17, '2026-03-13 20:19:06', '2026-03-13 20:19:06'),
(18, 'Student18', 'Lombardi', '2008-01-18', 18, '2026-03-13 20:19:06', '2026-03-13 20:19:06'),
(19, 'Student19', 'Moretti', '2008-01-19', 19, '2026-03-13 20:19:06', '2026-03-13 20:19:06'),
(20, 'Student20', 'Barbieri', '2008-01-20', 20, '2026-03-13 20:19:06', '2026-03-13 20:19:06'),
(21, 'Student21', 'Fontana', '2008-01-21', 21, '2026-03-13 20:19:06', '2026-03-13 20:19:06'),
(22, 'Student22', 'Santoro', '2008-01-22', 22, '2026-03-13 20:19:06', '2026-03-13 20:19:06'),
(23, 'Student23', 'Mariani', '2008-01-23', 23, '2026-03-13 20:19:06', '2026-03-13 20:19:06'),
(24, 'Student24', 'Rinaldi', '2008-01-24', 24, '2026-03-13 20:19:06', '2026-03-13 20:19:06'),
(25, 'Student25', 'Caruso', '2008-01-25', 25, '2026-03-13 20:19:06', '2026-03-13 20:19:06'),
(26, 'Student26', 'Ferrara', '2008-01-26', 26, '2026-03-13 20:19:06', '2026-03-13 20:19:06'),
(27, 'Student27', 'Galli', '2008-01-27', 27, '2026-03-13 20:19:06', '2026-03-13 20:19:06'),
(28, 'Student28', 'Martini', '2008-01-28', 28, '2026-03-13 20:19:06', '2026-03-13 20:19:06'),
(29, 'Student29', 'Leone', '2008-01-29', 29, '2026-03-13 20:19:06', '2026-03-13 20:19:06'),
(30, 'Student30', 'Longo', '2008-01-30', 30, '2026-03-13 20:19:06', '2026-03-13 20:19:06'),
(31, 'Student31', 'Gentile', '2008-01-31', 31, '2026-03-13 20:19:06', '2026-03-13 20:19:06'),
(32, 'Student32', 'Martinelli', '2008-02-01', 32, '2026-03-13 20:19:06', '2026-03-13 20:19:06'),
(33, 'Student33', 'Vitale', '2008-02-02', 33, '2026-03-13 20:19:06', '2026-03-13 20:19:06'),
(34, 'Student34', 'Lombardo', '2008-02-03', 34, '2026-03-13 20:19:06', '2026-03-13 20:19:06'),
(35, 'Student35', 'Serra', '2008-02-04', 35, '2026-03-13 20:19:06', '2026-03-13 20:19:06'),
(36, 'Student36', 'Coppola', '2008-02-05', 36, '2026-03-13 20:19:06', '2026-03-13 20:19:06'),
(37, 'Student37', 'DeSantis', '2008-02-06', 37, '2026-03-13 20:19:06', '2026-03-13 20:19:06'),
(38, 'Student38', 'Dangelo', '2008-02-07', 38, '2026-03-13 20:19:06', '2026-03-13 20:19:06'),
(39, 'Student39', 'Riva', '2008-02-08', 39, '2026-03-13 20:19:06', '2026-03-13 20:19:06'),
(40, 'Student40', 'Monti', '2008-02-09', 40, '2026-03-13 20:19:06', '2026-03-13 20:19:06'),
(41, 'Student41', 'Parisi', '2008-02-10', 41, '2026-03-13 20:19:06', '2026-03-13 20:19:06'),
(42, 'Student42', 'Villa', '2008-02-11', 42, '2026-03-13 20:19:06', '2026-03-13 20:19:06'),
(43, 'Student43', 'Ferraro', '2008-02-12', 43, '2026-03-13 20:19:06', '2026-03-13 20:19:06'),
(44, 'Student44', 'Conte', '2008-02-13', 44, '2026-03-13 20:19:06', '2026-03-13 20:19:06'),
(45, 'Student45', 'Ferri', '2008-02-14', 45, '2026-03-13 20:19:06', '2026-03-13 20:19:06'),
(46, 'Student46', 'Fabbri', '2008-02-15', 46, '2026-03-13 20:19:06', '2026-03-13 20:19:06'),
(47, 'Student47', 'Bianco', '2008-02-16', 47, '2026-03-13 20:19:06', '2026-03-13 20:19:06'),
(48, 'Student48', 'Marchetti', '2008-02-17', 48, '2026-03-13 20:19:06', '2026-03-13 20:19:06'),
(49, 'Student49', 'Silvestri', '2008-02-18', 49, '2026-03-13 20:19:06', '2026-03-13 20:19:06'),
(50, 'Student50', 'Testa', '2008-02-19', 50, '2026-03-13 20:19:06', '2026-03-13 20:19:06'),
(51, 'Student51', 'Pellegrini', '2008-02-20', 51, '2026-03-13 20:19:06', '2026-03-13 20:19:06'),
(52, 'Student52', 'Palumbo', '2008-02-21', 52, '2026-03-13 20:19:06', '2026-03-13 20:19:06'),
(53, 'Student53', 'Sanna', '2008-02-22', 53, '2026-03-13 20:19:06', '2026-03-13 20:19:06'),
(54, 'Student54', 'Farina', '2008-02-23', 54, '2026-03-13 20:19:06', '2026-03-13 20:19:06'),
(55, 'Student55', 'Ruggiero', '2008-02-24', 55, '2026-03-13 20:19:06', '2026-03-13 20:19:06'),
(56, 'Student56', 'Orlando', '2008-02-25', 56, '2026-03-13 20:19:06', '2026-03-13 20:19:06'),
(57, 'Student57', 'Damico', '2008-02-26', 57, '2026-03-13 20:19:06', '2026-03-13 20:19:06'),
(58, 'Student58', 'Negri', '2008-02-27', 58, '2026-03-13 20:19:06', '2026-03-13 20:19:06'),
(59, 'Student59', 'Bellini', '2008-02-28', 59, '2026-03-13 20:19:06', '2026-03-13 20:19:06'),
(60, 'Student60', 'Piazza', '2008-03-01', 60, '2026-03-13 20:19:06', '2026-03-13 20:19:06'),
(61, 'Student61', 'Valentini', '2008-03-02', 61, '2026-03-13 20:19:06', '2026-03-13 20:19:06'),
(62, 'Student62', 'Caputo', '2008-03-03', 62, '2026-03-13 20:19:06', '2026-03-13 20:19:06'),
(63, 'Student63', 'Grasso', '2008-03-04', 63, '2026-03-13 20:19:06', '2026-03-13 20:19:06'),
(64, 'Student64', 'DeRosa', '2008-03-05', 64, '2026-03-13 20:19:06', '2026-03-13 20:19:06'),
(65, 'Student65', 'Sala', '2008-03-06', 65, '2026-03-13 20:19:06', '2026-03-13 20:19:06'),
(66, 'Student66', 'Rossetti', '2008-03-07', 66, '2026-03-13 20:19:06', '2026-03-13 20:19:06'),
(67, 'Student67', 'Piras', '2008-03-08', 67, '2026-03-13 20:19:06', '2026-03-13 20:19:06'),
(68, 'Student68', 'Mazza', '2008-03-09', 68, '2026-03-13 20:19:06', '2026-03-13 20:19:06'),
(69, 'Student69', 'Puglisi', '2008-03-10', 69, '2026-03-13 20:19:06', '2026-03-13 20:19:06'),
(70, 'Student70', 'Vitali', '2008-03-11', 70, '2026-03-13 20:19:06', '2026-03-13 20:19:06'),
(71, 'Student71', 'Basile', '2008-03-12', 71, '2026-03-13 20:19:06', '2026-03-13 20:19:06'),
(72, 'Student72', 'Neri', '2008-03-13', 72, '2026-03-13 20:19:06', '2026-03-13 20:19:06'),
(73, 'Student73', 'Pagano', '2008-03-14', 73, '2026-03-13 20:19:06', '2026-03-13 20:19:06'),
(74, 'Student74', 'Rizzi', '2008-03-15', 74, '2026-03-13 20:19:06', '2026-03-13 20:19:06'),
(75, 'Student75', 'Cattaneo', '2008-03-16', 75, '2026-03-13 20:19:06', '2026-03-13 20:19:06'),
(76, 'Student76', 'Bernardi', '2008-03-17', 76, '2026-03-13 20:19:06', '2026-03-13 20:19:06'),
(77, 'Student77', 'Fusco', '2008-03-18', 77, '2026-03-13 20:19:06', '2026-03-13 20:19:06'),
(78, 'Student78', 'Marra', '2008-03-19', 78, '2026-03-13 20:19:06', '2026-03-13 20:19:06'),
(79, 'Student79', 'Trevisan', '2008-03-20', 79, '2026-03-13 20:19:06', '2026-03-13 20:19:06'),
(80, 'Student80', 'Donati', '2008-03-21', 80, '2026-03-13 20:19:06', '2026-03-13 20:19:06'),
(81, 'Student81', 'Sartori', '2008-03-22', 81, '2026-03-13 20:19:06', '2026-03-13 20:19:06'),
(82, 'Student82', 'Guerra', '2008-03-23', 82, '2026-03-13 20:19:06', '2026-03-13 20:19:06'),
(83, 'Student83', 'Ferretti', '2008-03-24', 83, '2026-03-13 20:19:06', '2026-03-13 20:19:06'),
(84, 'Student84', 'Zanetti', '2008-03-25', 84, '2026-03-13 20:19:06', '2026-03-13 20:19:06'),
(85, 'Student85', 'Grimaldi', '2008-03-26', 85, '2026-03-13 20:19:06', '2026-03-13 20:19:06'),
(86, 'Student86', 'Ruggieri', '2008-03-27', 86, '2026-03-13 20:19:06', '2026-03-13 20:19:06'),
(87, 'Student87', 'Corsi', '2008-03-28', 87, '2026-03-13 20:19:06', '2026-03-13 20:19:06'),
(88, 'Student88', 'Messina', '2008-03-29', 88, '2026-03-13 20:19:06', '2026-03-13 20:19:06'),
(89, 'Student89', 'Duarte', '2008-03-30', 89, '2026-03-13 20:19:06', '2026-03-13 20:19:06'),
(90, 'Student90', 'Raimondi', '2008-03-31', 90, '2026-03-13 20:19:06', '2026-03-13 20:19:06'),
(91, 'Student91', 'Rinaldo', '2008-04-01', 91, '2026-03-13 20:19:06', '2026-03-13 20:19:06'),
(92, 'Student92', 'Bertoli', '2008-04-02', 92, '2026-03-13 20:19:06', '2026-03-13 20:19:06'),
(93, 'Student93', 'Sorrentino', '2008-04-03', 93, '2026-03-13 20:19:06', '2026-03-13 20:19:06'),
(94, 'Student94', 'Carli', '2008-04-04', 94, '2026-03-13 20:19:06', '2026-03-13 20:19:06'),
(95, 'Student95', 'Pastore', '2008-04-05', 95, '2026-03-13 20:19:06', '2026-03-13 20:19:06'),
(96, 'Student96', 'Locatelli', '2008-04-06', 96, '2026-03-13 20:19:06', '2026-03-13 20:19:06'),
(97, 'Student97', 'Amato', '2008-04-07', 97, '2026-03-13 20:19:06', '2026-03-13 20:19:06'),
(98, 'Student98', 'Doria', '2008-04-08', 98, '2026-03-13 20:19:06', '2026-03-13 20:19:06'),
(99, 'Student99', 'Gatti', '2008-04-09', 99, '2026-03-13 20:19:06', '2026-03-13 20:19:06'),
(100, 'Student100', 'Mori', '2008-04-10', 100, '2026-03-13 20:19:06', '2026-03-13 20:19:06');

-- --------------------------------------------------------

--
-- Table structure for table `taughts`
--

CREATE TABLE `taughts` (
  `id` bigint UNSIGNED NOT NULL,
  `teacher_id` bigint UNSIGNED NOT NULL,
  `class_id` bigint UNSIGNED NOT NULL,
  `registered_at` timestamp NULL DEFAULT CURRENT_TIMESTAMP,
  `updated_at` timestamp NULL DEFAULT CURRENT_TIMESTAMP ON UPDATE CURRENT_TIMESTAMP
) ENGINE=InnoDB DEFAULT CHARSET=utf8mb4 COLLATE=utf8mb4_0900_ai_ci;

--
-- Dumping data for table `taughts`
--

INSERT INTO `taughts` (`id`, `teacher_id`, `class_id`, `registered_at`, `updated_at`) VALUES
(1, 1, 1, '2026-03-13 20:18:29', '2026-03-13 20:18:29'),
(2, 2, 2, '2026-03-13 20:18:29', '2026-03-13 20:18:29'),
(3, 3, 3, '2026-03-13 20:18:29', '2026-03-13 20:18:29'),
(4, 4, 4, '2026-03-13 20:18:29', '2026-03-13 20:18:29'),
(5, 5, 5, '2026-03-13 20:18:29', '2026-03-13 20:18:29'),
(6, 6, 6, '2026-03-13 20:18:29', '2026-03-13 20:18:29'),
(7, 7, 7, '2026-03-13 20:18:29', '2026-03-13 20:18:29'),
(8, 8, 8, '2026-03-13 20:18:29', '2026-03-13 20:18:29'),
(9, 9, 9, '2026-03-13 20:18:29', '2026-03-13 20:18:29'),
(10, 10, 10, '2026-03-13 20:18:29', '2026-03-13 20:18:29'),
(11, 11, 11, '2026-03-13 20:18:29', '2026-03-13 20:18:29'),
(12, 12, 12, '2026-03-13 20:18:29', '2026-03-13 20:18:29'),
(13, 13, 13, '2026-03-13 20:18:29', '2026-03-13 20:18:29'),
(14, 14, 14, '2026-03-13 20:18:29', '2026-03-13 20:18:29'),
(15, 15, 15, '2026-03-13 20:18:29', '2026-03-13 20:18:29'),
(16, 16, 16, '2026-03-13 20:18:29', '2026-03-13 20:18:29'),
(17, 17, 17, '2026-03-13 20:18:29', '2026-03-13 20:18:29'),
(18, 18, 18, '2026-03-13 20:18:29', '2026-03-13 20:18:29'),
(19, 19, 19, '2026-03-13 20:18:29', '2026-03-13 20:18:29'),
(20, 20, 20, '2026-03-13 20:18:29', '2026-03-13 20:18:29'),
(21, 21, 21, '2026-03-13 20:18:29', '2026-03-13 20:18:29'),
(22, 22, 22, '2026-03-13 20:18:29', '2026-03-13 20:18:29'),
(23, 23, 23, '2026-03-13 20:18:29', '2026-03-13 20:18:29'),
(24, 24, 24, '2026-03-13 20:18:29', '2026-03-13 20:18:29'),
(25, 25, 25, '2026-03-13 20:18:29', '2026-03-13 20:18:29'),
(26, 26, 26, '2026-03-13 20:18:29', '2026-03-13 20:18:29'),
(27, 27, 27, '2026-03-13 20:18:29', '2026-03-13 20:18:29'),
(28, 28, 28, '2026-03-13 20:18:29', '2026-03-13 20:18:29'),
(29, 29, 29, '2026-03-13 20:18:29', '2026-03-13 20:18:29'),
(30, 30, 30, '2026-03-13 20:18:29', '2026-03-13 20:18:29'),
(31, 31, 31, '2026-03-13 20:18:29', '2026-03-13 20:18:29'),
(32, 32, 32, '2026-03-13 20:18:29', '2026-03-13 20:18:29'),
(33, 33, 33, '2026-03-13 20:18:29', '2026-03-13 20:18:29'),
(34, 34, 34, '2026-03-13 20:18:29', '2026-03-13 20:18:29'),
(35, 35, 35, '2026-03-13 20:18:29', '2026-03-13 20:18:29'),
(36, 36, 36, '2026-03-13 20:18:29', '2026-03-13 20:18:29'),
(37, 37, 37, '2026-03-13 20:18:29', '2026-03-13 20:18:29'),
(38, 38, 38, '2026-03-13 20:18:29', '2026-03-13 20:18:29'),
(39, 39, 39, '2026-03-13 20:18:29', '2026-03-13 20:18:29'),
(40, 40, 40, '2026-03-13 20:18:29', '2026-03-13 20:18:29'),
(41, 41, 41, '2026-03-13 20:18:29', '2026-03-13 20:18:29'),
(42, 42, 42, '2026-03-13 20:18:29', '2026-03-13 20:18:29'),
(43, 43, 43, '2026-03-13 20:18:29', '2026-03-13 20:18:29'),
(44, 44, 44, '2026-03-13 20:18:29', '2026-03-13 20:18:29'),
(45, 45, 45, '2026-03-13 20:18:29', '2026-03-13 20:18:29'),
(46, 46, 46, '2026-03-13 20:18:29', '2026-03-13 20:18:29'),
(47, 47, 47, '2026-03-13 20:18:29', '2026-03-13 20:18:29'),
(48, 48, 48, '2026-03-13 20:18:29', '2026-03-13 20:18:29'),
(49, 49, 49, '2026-03-13 20:18:29', '2026-03-13 20:18:29'),
(50, 50, 50, '2026-03-13 20:18:29', '2026-03-13 20:18:29'),
(51, 51, 51, '2026-03-13 20:18:29', '2026-03-13 20:18:29'),
(52, 52, 52, '2026-03-13 20:18:29', '2026-03-13 20:18:29'),
(53, 53, 53, '2026-03-13 20:18:29', '2026-03-13 20:18:29'),
(54, 54, 54, '2026-03-13 20:18:29', '2026-03-13 20:18:29'),
(55, 55, 55, '2026-03-13 20:18:29', '2026-03-13 20:18:29'),
(56, 56, 56, '2026-03-13 20:18:29', '2026-03-13 20:18:29'),
(57, 57, 57, '2026-03-13 20:18:29', '2026-03-13 20:18:29'),
(58, 58, 58, '2026-03-13 20:18:29', '2026-03-13 20:18:29'),
(59, 59, 59, '2026-03-13 20:18:29', '2026-03-13 20:18:29'),
(60, 60, 60, '2026-03-13 20:18:29', '2026-03-13 20:18:29'),
(61, 61, 61, '2026-03-13 20:18:29', '2026-03-13 20:18:29'),
(62, 62, 62, '2026-03-13 20:18:29', '2026-03-13 20:18:29'),
(63, 63, 63, '2026-03-13 20:18:29', '2026-03-13 20:18:29'),
(64, 64, 64, '2026-03-13 20:18:29', '2026-03-13 20:18:29'),
(65, 65, 65, '2026-03-13 20:18:29', '2026-03-13 20:18:29'),
(66, 66, 66, '2026-03-13 20:18:29', '2026-03-13 20:18:29'),
(67, 67, 67, '2026-03-13 20:18:29', '2026-03-13 20:18:29'),
(68, 68, 68, '2026-03-13 20:18:29', '2026-03-13 20:18:29'),
(69, 69, 69, '2026-03-13 20:18:29', '2026-03-13 20:18:29'),
(70, 70, 70, '2026-03-13 20:18:29', '2026-03-13 20:18:29'),
(71, 71, 71, '2026-03-13 20:18:29', '2026-03-13 20:18:29'),
(72, 72, 72, '2026-03-13 20:18:29', '2026-03-13 20:18:29'),
(73, 73, 73, '2026-03-13 20:18:29', '2026-03-13 20:18:29'),
(74, 74, 74, '2026-03-13 20:18:29', '2026-03-13 20:18:29'),
(75, 75, 75, '2026-03-13 20:18:29', '2026-03-13 20:18:29'),
(76, 76, 76, '2026-03-13 20:18:29', '2026-03-13 20:18:29'),
(77, 77, 77, '2026-03-13 20:18:29', '2026-03-13 20:18:29'),
(78, 78, 78, '2026-03-13 20:18:29', '2026-03-13 20:18:29'),
(79, 79, 79, '2026-03-13 20:18:29', '2026-03-13 20:18:29'),
(80, 80, 80, '2026-03-13 20:18:29', '2026-03-13 20:18:29'),
(81, 81, 81, '2026-03-13 20:18:29', '2026-03-13 20:18:29'),
(82, 82, 82, '2026-03-13 20:18:29', '2026-03-13 20:18:29'),
(83, 83, 83, '2026-03-13 20:18:29', '2026-03-13 20:18:29'),
(84, 84, 84, '2026-03-13 20:18:29', '2026-03-13 20:18:29'),
(85, 85, 85, '2026-03-13 20:18:29', '2026-03-13 20:18:29'),
(86, 86, 86, '2026-03-13 20:18:29', '2026-03-13 20:18:29'),
(87, 87, 87, '2026-03-13 20:18:29', '2026-03-13 20:18:29'),
(88, 88, 88, '2026-03-13 20:18:29', '2026-03-13 20:18:29'),
(89, 89, 89, '2026-03-13 20:18:29', '2026-03-13 20:18:29'),
(90, 90, 90, '2026-03-13 20:18:29', '2026-03-13 20:18:29'),
(91, 91, 91, '2026-03-13 20:18:29', '2026-03-13 20:18:29'),
(92, 92, 92, '2026-03-13 20:18:29', '2026-03-13 20:18:29'),
(93, 93, 93, '2026-03-13 20:18:29', '2026-03-13 20:18:29'),
(94, 94, 94, '2026-03-13 20:18:29', '2026-03-13 20:18:29'),
(95, 95, 95, '2026-03-13 20:18:29', '2026-03-13 20:18:29'),
(96, 96, 96, '2026-03-13 20:18:29', '2026-03-13 20:18:29'),
(97, 97, 97, '2026-03-13 20:18:29', '2026-03-13 20:18:29'),
(98, 98, 98, '2026-03-13 20:18:29', '2026-03-13 20:18:29'),
(99, 99, 99, '2026-03-13 20:18:29', '2026-03-13 20:18:29'),
(100, 100, 100, '2026-03-13 20:18:29', '2026-03-13 20:18:29');

-- --------------------------------------------------------

--
-- Table structure for table `teachers`
--

CREATE TABLE `teachers` (
  `id` bigint UNSIGNED NOT NULL,
  `first_name` varchar(45) NOT NULL,
  `last_name` varchar(45) NOT NULL,
  `registered_at` timestamp NULL DEFAULT CURRENT_TIMESTAMP,
  `updated_at` timestamp NULL DEFAULT CURRENT_TIMESTAMP ON UPDATE CURRENT_TIMESTAMP
) ENGINE=InnoDB DEFAULT CHARSET=utf8mb4 COLLATE=utf8mb4_0900_ai_ci;

--
-- Dumping data for table `teachers`
--

INSERT INTO `teachers` (`id`, `first_name`, `last_name`, `registered_at`, `updated_at`) VALUES
(1, 'Teacher1', 'Smith', '2026-03-13 20:17:13', '2026-03-13 20:17:13'),
(2, 'Teacher2', 'Johnson', '2026-03-13 20:17:13', '2026-03-13 20:17:13'),
(3, 'Teacher3', 'Williams', '2026-03-13 20:17:13', '2026-03-13 20:17:13'),
(4, 'Teacher4', 'Brown', '2026-03-13 20:17:13', '2026-03-13 20:17:13'),
(5, 'Teacher5', 'Jones', '2026-03-13 20:17:13', '2026-03-13 20:17:13'),
(6, 'Teacher6', 'Garcia', '2026-03-13 20:17:13', '2026-03-13 20:17:13'),
(7, 'Teacher7', 'Miller', '2026-03-13 20:17:13', '2026-03-13 20:17:13'),
(8, 'Teacher8', 'Davis', '2026-03-13 20:17:13', '2026-03-13 20:17:13'),
(9, 'Teacher9', 'Rodriguez', '2026-03-13 20:17:13', '2026-03-13 20:17:13'),
(10, 'Teacher10', 'Martinez', '2026-03-13 20:17:13', '2026-03-13 20:17:13'),
(11, 'Teacher11', 'Hernandez', '2026-03-13 20:17:13', '2026-03-13 20:17:13'),
(12, 'Teacher12', 'Lopez', '2026-03-13 20:17:13', '2026-03-13 20:17:13'),
(13, 'Teacher13', 'Gonzalez', '2026-03-13 20:17:13', '2026-03-13 20:17:13'),
(14, 'Teacher14', 'Wilson', '2026-03-13 20:17:13', '2026-03-13 20:17:13'),
(15, 'Teacher15', 'Anderson', '2026-03-13 20:17:13', '2026-03-13 20:17:13'),
(16, 'Teacher16', 'Thomas', '2026-03-13 20:17:13', '2026-03-13 20:17:13'),
(17, 'Teacher17', 'Taylor', '2026-03-13 20:17:13', '2026-03-13 20:17:13'),
(18, 'Teacher18', 'Moore', '2026-03-13 20:17:13', '2026-03-13 20:17:13'),
(19, 'Teacher19', 'Jackson', '2026-03-13 20:17:13', '2026-03-13 20:17:13'),
(20, 'Teacher20', 'Martin', '2026-03-13 20:17:13', '2026-03-13 20:17:13'),
(21, 'Teacher21', 'Lee', '2026-03-13 20:17:13', '2026-03-13 20:17:13'),
(22, 'Teacher22', 'Perez', '2026-03-13 20:17:13', '2026-03-13 20:17:13'),
(23, 'Teacher23', 'Thompson', '2026-03-13 20:17:13', '2026-03-13 20:17:13'),
(24, 'Teacher24', 'White', '2026-03-13 20:17:13', '2026-03-13 20:17:13'),
(25, 'Teacher25', 'Harris', '2026-03-13 20:17:13', '2026-03-13 20:17:13'),
(26, 'Teacher26', 'Sanchez', '2026-03-13 20:17:13', '2026-03-13 20:17:13'),
(27, 'Teacher27', 'Clark', '2026-03-13 20:17:13', '2026-03-13 20:17:13'),
(28, 'Teacher28', 'Ramirez', '2026-03-13 20:17:13', '2026-03-13 20:17:13'),
(29, 'Teacher29', 'Lewis', '2026-03-13 20:17:13', '2026-03-13 20:17:13'),
(30, 'Teacher30', 'Robinson', '2026-03-13 20:17:13', '2026-03-13 20:17:13'),
(31, 'Teacher31', 'Walker', '2026-03-13 20:17:13', '2026-03-13 20:17:13'),
(32, 'Teacher32', 'Young', '2026-03-13 20:17:13', '2026-03-13 20:17:13'),
(33, 'Teacher33', 'Allen', '2026-03-13 20:17:13', '2026-03-13 20:17:13'),
(34, 'Teacher34', 'King', '2026-03-13 20:17:13', '2026-03-13 20:17:13'),
(35, 'Teacher35', 'Wright', '2026-03-13 20:17:13', '2026-03-13 20:17:13'),
(36, 'Teacher36', 'Scott', '2026-03-13 20:17:13', '2026-03-13 20:17:13'),
(37, 'Teacher37', 'Torres', '2026-03-13 20:17:13', '2026-03-13 20:17:13'),
(38, 'Teacher38', 'Nguyen', '2026-03-13 20:17:13', '2026-03-13 20:17:13'),
(39, 'Teacher39', 'Hill', '2026-03-13 20:17:13', '2026-03-13 20:17:13'),
(40, 'Teacher40', 'Flores', '2026-03-13 20:17:13', '2026-03-13 20:17:13'),
(41, 'Teacher41', 'Green', '2026-03-13 20:17:13', '2026-03-13 20:17:13'),
(42, 'Teacher42', 'Adams', '2026-03-13 20:17:13', '2026-03-13 20:17:13'),
(43, 'Teacher43', 'Nelson', '2026-03-13 20:17:13', '2026-03-13 20:17:13'),
(44, 'Teacher44', 'Baker', '2026-03-13 20:17:13', '2026-03-13 20:17:13'),
(45, 'Teacher45', 'Hall', '2026-03-13 20:17:13', '2026-03-13 20:17:13'),
(46, 'Teacher46', 'Rivera', '2026-03-13 20:17:13', '2026-03-13 20:17:13'),
(47, 'Teacher47', 'Campbell', '2026-03-13 20:17:13', '2026-03-13 20:17:13'),
(48, 'Teacher48', 'Mitchell', '2026-03-13 20:17:13', '2026-03-13 20:17:13'),
(49, 'Teacher49', 'Carter', '2026-03-13 20:17:13', '2026-03-13 20:17:13'),
(50, 'Teacher50', 'Roberts', '2026-03-13 20:17:13', '2026-03-13 20:17:13'),
(51, 'Teacher51', 'Gomez', '2026-03-13 20:17:13', '2026-03-13 20:17:13'),
(52, 'Teacher52', 'Phillips', '2026-03-13 20:17:13', '2026-03-13 20:17:13'),
(53, 'Teacher53', 'Evans', '2026-03-13 20:17:13', '2026-03-13 20:17:13'),
(54, 'Teacher54', 'Turner', '2026-03-13 20:17:13', '2026-03-13 20:17:13'),
(55, 'Teacher55', 'Diaz', '2026-03-13 20:17:13', '2026-03-13 20:17:13'),
(56, 'Teacher56', 'Parker', '2026-03-13 20:17:13', '2026-03-13 20:17:13'),
(57, 'Teacher57', 'Cruz', '2026-03-13 20:17:13', '2026-03-13 20:17:13'),
(58, 'Teacher58', 'Edwards', '2026-03-13 20:17:13', '2026-03-13 20:17:13'),
(59, 'Teacher59', 'Collins', '2026-03-13 20:17:13', '2026-03-13 20:17:13'),
(60, 'Teacher60', 'Reyes', '2026-03-13 20:17:13', '2026-03-13 20:17:13'),
(61, 'Teacher61', 'Stewart', '2026-03-13 20:17:13', '2026-03-13 20:17:13'),
(62, 'Teacher62', 'Morris', '2026-03-13 20:17:13', '2026-03-13 20:17:13'),
(63, 'Teacher63', 'Morales', '2026-03-13 20:17:13', '2026-03-13 20:17:13'),
(64, 'Teacher64', 'Murphy', '2026-03-13 20:17:13', '2026-03-13 20:17:13'),
(65, 'Teacher65', 'Cook', '2026-03-13 20:17:13', '2026-03-13 20:17:13'),
(66, 'Teacher66', 'Rogers', '2026-03-13 20:17:13', '2026-03-13 20:17:13'),
(67, 'Teacher67', 'Gutierrez', '2026-03-13 20:17:13', '2026-03-13 20:17:13'),
(68, 'Teacher68', 'Ortiz', '2026-03-13 20:17:13', '2026-03-13 20:17:13'),
(69, 'Teacher69', 'Morgan', '2026-03-13 20:17:13', '2026-03-13 20:17:13'),
(70, 'Teacher70', 'Cooper', '2026-03-13 20:17:13', '2026-03-13 20:17:13'),
(71, 'Teacher71', 'Peterson', '2026-03-13 20:17:13', '2026-03-13 20:17:13'),
(72, 'Teacher72', 'Bailey', '2026-03-13 20:17:13', '2026-03-13 20:17:13'),
(73, 'Teacher73', 'Reed', '2026-03-13 20:17:13', '2026-03-13 20:17:13'),
(74, 'Teacher74', 'Kelly', '2026-03-13 20:17:13', '2026-03-13 20:17:13'),
(75, 'Teacher75', 'Howard', '2026-03-13 20:17:13', '2026-03-13 20:17:13'),
(76, 'Teacher76', 'Ramos', '2026-03-13 20:17:13', '2026-03-13 20:17:13'),
(77, 'Teacher77', 'Kim', '2026-03-13 20:17:13', '2026-03-13 20:17:13'),
(78, 'Teacher78', 'Cox', '2026-03-13 20:17:13', '2026-03-13 20:17:13'),
(79, 'Teacher79', 'Ward', '2026-03-13 20:17:13', '2026-03-13 20:17:13'),
(80, 'Teacher80', 'Richardson', '2026-03-13 20:17:13', '2026-03-13 20:17:13'),
(81, 'Teacher81', 'Watson', '2026-03-13 20:17:13', '2026-03-13 20:17:13'),
(82, 'Teacher82', 'Brooks', '2026-03-13 20:17:13', '2026-03-13 20:17:13'),
(83, 'Teacher83', 'Chavez', '2026-03-13 20:17:13', '2026-03-13 20:17:13'),
(84, 'Teacher84', 'Wood', '2026-03-13 20:17:13', '2026-03-13 20:17:13'),
(85, 'Teacher85', 'James', '2026-03-13 20:17:13', '2026-03-13 20:17:13'),
(86, 'Teacher86', 'Bennett', '2026-03-13 20:17:13', '2026-03-13 20:17:13'),
(87, 'Teacher87', 'Gray', '2026-03-13 20:17:13', '2026-03-13 20:17:13'),
(88, 'Teacher88', 'Mendoza', '2026-03-13 20:17:13', '2026-03-13 20:17:13'),
(89, 'Teacher89', 'Ruiz', '2026-03-13 20:17:13', '2026-03-13 20:17:13'),
(90, 'Teacher90', 'Hughes', '2026-03-13 20:17:13', '2026-03-13 20:17:13'),
(91, 'Teacher91', 'Price', '2026-03-13 20:17:13', '2026-03-13 20:17:13'),
(92, 'Teacher92', 'Alvarez', '2026-03-13 20:17:13', '2026-03-13 20:17:13'),
(93, 'Teacher93', 'Castillo', '2026-03-13 20:17:13', '2026-03-13 20:17:13'),
(94, 'Teacher94', 'Sanders', '2026-03-13 20:17:13', '2026-03-13 20:17:13'),
(95, 'Teacher95', 'Patel', '2026-03-13 20:17:13', '2026-03-13 20:17:13'),
(96, 'Teacher96', 'Myers', '2026-03-13 20:17:13', '2026-03-13 20:17:13'),
(97, 'Teacher97', 'Long', '2026-03-13 20:17:13', '2026-03-13 20:17:13'),
(98, 'Teacher98', 'Ross', '2026-03-13 20:17:13', '2026-03-13 20:17:13'),
(99, 'Teacher99', 'Foster', '2026-03-13 20:17:13', '2026-03-13 20:17:13'),
(100, 'Teacher100', 'Jimenez', '2026-03-13 20:17:13', '2026-03-13 20:17:13');

--
-- Indexes for dumped tables
--

--
-- Indexes for table `classes`
--
ALTER TABLE `classes`
  ADD PRIMARY KEY (`id`),
  ADD KEY `room_id` (`room_id`),
  ADD KEY `teacher_id` (`teacher_id`);

--
-- Indexes for table `rooms`
--
ALTER TABLE `rooms`
  ADD PRIMARY KEY (`id`),
  ADD UNIQUE KEY `id` (`id`);

--
-- Indexes for table `students`
--
ALTER TABLE `students`
  ADD PRIMARY KEY (`id`),
  ADD KEY `class_id` (`class_id`);

--
-- Indexes for table `taughts`
--
ALTER TABLE `taughts`
  ADD PRIMARY KEY (`id`),
  ADD KEY `teacher_id` (`teacher_id`),
  ADD KEY `class_id` (`class_id`);

--
-- Indexes for table `teachers`
--
ALTER TABLE `teachers`
  ADD PRIMARY KEY (`id`),
  ADD UNIQUE KEY `id` (`id`);

--
-- AUTO_INCREMENT for dumped tables
--

--
-- AUTO_INCREMENT for table `classes`
--
ALTER TABLE `classes`
  MODIFY `id` bigint UNSIGNED NOT NULL AUTO_INCREMENT, AUTO_INCREMENT=101;

--
-- AUTO_INCREMENT for table `rooms`
--
ALTER TABLE `rooms`
  MODIFY `id` bigint UNSIGNED NOT NULL AUTO_INCREMENT, AUTO_INCREMENT=101;

--
-- AUTO_INCREMENT for table `students`
--
ALTER TABLE `students`
  MODIFY `id` bigint UNSIGNED NOT NULL AUTO_INCREMENT, AUTO_INCREMENT=101;

--
-- AUTO_INCREMENT for table `taughts`
--
ALTER TABLE `taughts`
  MODIFY `id` bigint UNSIGNED NOT NULL AUTO_INCREMENT, AUTO_INCREMENT=101;

--
-- AUTO_INCREMENT for table `teachers`
--
ALTER TABLE `teachers`
  MODIFY `id` bigint UNSIGNED NOT NULL AUTO_INCREMENT, AUTO_INCREMENT=101;

--
-- Constraints for dumped tables
--

--
-- Constraints for table `classes`
--
ALTER TABLE `classes`
  ADD CONSTRAINT `class_ibfk_1` FOREIGN KEY (`room_id`) REFERENCES `rooms` (`id`),
  ADD CONSTRAINT `class_ibfk_2` FOREIGN KEY (`teacher_id`) REFERENCES `teachers` (`id`);

--
-- Constraints for table `students`
--
ALTER TABLE `students`
  ADD CONSTRAINT `student_ibfk_1` FOREIGN KEY (`class_id`) REFERENCES `classes` (`id`);

--
-- Constraints for table `taughts`
--
ALTER TABLE `taughts`
  ADD CONSTRAINT `taught_ibfk_1` FOREIGN KEY (`teacher_id`) REFERENCES `teachers` (`id`),
  ADD CONSTRAINT `taught_ibfk_2` FOREIGN KEY (`class_id`) REFERENCES `classes` (`id`);
COMMIT;

/*!40101 SET CHARACTER_SET_CLIENT=@OLD_CHARACTER_SET_CLIENT */;
/*!40101 SET CHARACTER_SET_RESULTS=@OLD_CHARACTER_SET_RESULTS */;
/*!40101 SET COLLATION_CONNECTION=@OLD_COLLATION_CONNECTION */;
